{"frames": [

{
	"filename": "actor/1hero/1ShamanFemale",
	"frame": {"x":0,"y":0,"w":24,"h":21},
	"rotated": false,
	"trimmed": false,
	"spriteSourceSize": {"x":0,"y":0,"w":24,"h":21},
	"sourceSize": {"w":24,"h":21}
},
{
	"filename": "actor/1hero/1ShamanMale",
	"frame": {"x":24,"y":0,"w":24,"h":21},
	"rotated": false,
	"trimmed": false,
	"spriteSourceSize": {"x":0,"y":0,"w":24,"h":21},
	"sourceSize": {"w":24,"h":21}
},
{
	"filename": "actor/1hero/2WizardFemale",
	"frame": {"x":48,"y":0,"w":24,"h":21},
	"rotated": false,
	"trimmed": false,
	"spriteSourceSize": {"x":0,"y":0,"w":24,"h":21},
	"sourceSize": {"w":24,"h":21}
},
{
	"filename": "actor/1hero/2WizardMale",
	"frame": {"x":72,"y":0,"w":24,"h":21},
	"rotated": false,
	"trimmed": false,
	"spriteSourceSize": {"x":0,"y":0,"w":24,"h":21},
	"sourceSize": {"w":24,"h":21}
},
{
	"filename": "actor/1hero/3ElfFemale",
	"frame": {"x":96,"y":0,"w":24,"h":21},
	"rotated": false,
	"trimmed": false,
	"spriteSourceSize": {"x":0,"y":0,"w":24,"h":21},
	"sourceSize": {"w":24,"h":21}
},
{
	"filename": "actor/1hero/3ElfMale",
	"frame": {"x":120,"y":0,"w":24,"h":21},
	"rotated": false,
	"trimmed": false,
	"spriteSourceSize": {"x":0,"y":0,"w":24,"h":21},
	"sourceSize": {"w":24,"h":21}
},
{
	"filename": "actor/1hero/4BarbarianFemale",
	"frame": {"x":144,"y":0,"w":24,"h":21},
	"rotated": false,
	"trimmed": false,
	"spriteSourceSize": {"x":0,"y":0,"w":24,"h":21},
	"sourceSize": {"w":24,"h":21}
},
{
	"filename": "actor/1hero/4BarbarianMale",
	"frame": {"x":168,"y":0,"w":24,"h":21},
	"rotated": false,
	"trimmed": false,
	"spriteSourceSize": {"x":0,"y":0,"w":24,"h":21},
	"sourceSize": {"w":24,"h":21}
},
{
	"filename": "actor/1hero/5KnightFemale",
	"frame": {"x":192,"y":0,"w":24,"h":21},
	"rotated": false,
	"trimmed": false,
	"spriteSourceSize": {"x":0,"y":0,"w":24,"h":21},
	"sourceSize": {"w":24,"h":21}
},
{
	"filename": "actor/1hero/5KnightMale",
	"frame": {"x":216,"y":0,"w":24,"h":21},
	"rotated": false,
	"trimmed": false,
	"spriteSourceSize": {"x":0,"y":0,"w":24,"h":21},
	"sourceSize": {"w":24,"h":21}
},
{
	"filename": "actor/1hero/6DuckMale",
	"frame": {"x":240,"y":0,"w":24,"h":21},
	"rotated": false,
	"trimmed": false,
	"spriteSourceSize": {"x":0,"y":0,"w":24,"h":21},
	"sourceSize": {"w":24,"h":21}
},
{
	"filename": "actor/1hero/7DwarfFemale",
	"frame": {"x":264,"y":0,"w":24,"h":21},
	"rotated": false,
	"trimmed": false,
	"spriteSourceSize": {"x":0,"y":0,"w":24,"h":21},
	"sourceSize": {"w":24,"h":21}
},
{
	"filename": "actor/1hero/7DwarfMale",
	"frame": {"x":288,"y":0,"w":24,"h":21},
	"rotated": false,
	"trimmed": false,
	"spriteSourceSize": {"x":0,"y":0,"w":24,"h":21},
	"sourceSize": {"w":24,"h":21}
},
{
	"filename": "actor/1hero/8DruidFemale",
	"frame": {"x":312,"y":0,"w":24,"h":21},
	"rotated": false,
	"trimmed": false,
	"spriteSourceSize": {"x":0,"y":0,"w":24,"h":21},
	"sourceSize": {"w":24,"h":21}
},
{
	"filename": "actor/1hero/8DruidMale",
	"frame": {"x":336,"y":0,"w":24,"h":21},
	"rotated": false,
	"trimmed": false,
	"spriteSourceSize": {"x":0,"y":0,"w":24,"h":21},
	"sourceSize": {"w":24,"h":21}
},
{
	"filename": "actor/1hero/9DuckMageMale",
	"frame": {"x":360,"y":0,"w":24,"h":21},
	"rotated": false,
	"trimmed": false,
	"spriteSourceSize": {"x":0,"y":0,"w":24,"h":21},
	"sourceSize": {"w":24,"h":21}
},
{
	"filename": "actor/2nicey/1SmallOneFemale",
	"frame": {"x":384,"y":0,"w":24,"h":21},
	"rotated": false,
	"trimmed": false,
	"spriteSourceSize": {"x":0,"y":0,"w":24,"h":21},
	"sourceSize": {"w":24,"h":21}
},
{
	"filename": "actor/2nicey/1SmallOneMale",
	"frame": {"x":408,"y":0,"w":24,"h":21},
	"rotated": false,
	"trimmed": false,
	"spriteSourceSize": {"x":0,"y":0,"w":24,"h":21},
	"sourceSize": {"w":24,"h":21}
},
{
	"filename": "actor/2nicey/2DuckMonkMale",
	"frame": {"x":432,"y":0,"w":24,"h":21},
	"rotated": false,
	"trimmed": false,
	"spriteSourceSize": {"x":0,"y":0,"w":24,"h":21},
	"sourceSize": {"w":24,"h":21}
},
{
	"filename": "actor/3nasty/1Zombie",
	"frame": {"x":0,"y":21,"w":24,"h":21},
	"rotated": false,
	"trimmed": false,
	"spriteSourceSize": {"x":0,"y":0,"w":24,"h":21},
	"sourceSize": {"w":24,"h":21}
},
{
	"filename": "actor/3nasty/2Skeleton",
	"frame": {"x":24,"y":21,"w":24,"h":21},
	"rotated": false,
	"trimmed": false,
	"spriteSourceSize": {"x":0,"y":0,"w":24,"h":21},
	"sourceSize": {"w":24,"h":21}
},
{
	"filename": "actor/3nasty/3Hobgoblin",
	"frame": {"x":48,"y":21,"w":24,"h":21},
	"rotated": false,
	"trimmed": false,
	"spriteSourceSize": {"x":0,"y":0,"w":24,"h":21},
	"sourceSize": {"w":24,"h":21}
},
{
	"filename": "actor/3nasty/4Goblin",
	"frame": {"x":72,"y":21,"w":24,"h":21},
	"rotated": false,
	"trimmed": false,
	"spriteSourceSize": {"x":0,"y":0,"w":24,"h":21},
	"sourceSize": {"w":24,"h":21}
},
{
	"filename": "actor/3nasty/5Troll",
	"frame": {"x":96,"y":21,"w":24,"h":21},
	"rotated": false,
	"trimmed": false,
	"spriteSourceSize": {"x":0,"y":0,"w":24,"h":21},
	"sourceSize": {"w":24,"h":21}
},
{
	"filename": "actor/3nasty/6Orch",
	"frame": {"x":120,"y":21,"w":24,"h":21},
	"rotated": false,
	"trimmed": false,
	"spriteSourceSize": {"x":0,"y":0,"w":24,"h":21},
	"sourceSize": {"w":24,"h":21}
},
{
	"filename": "actor/3nasty/7OrchArcher",
	"frame": {"x":144,"y":21,"w":24,"h":21},
	"rotated": false,
	"trimmed": false,
	"spriteSourceSize": {"x":0,"y":0,"w":24,"h":21},
	"sourceSize": {"w":24,"h":21}
},
{
	"filename": "actor/3nasty/8Magician",
	"frame": {"x":168,"y":21,"w":24,"h":21},
	"rotated": false,
	"trimmed": false,
	"spriteSourceSize": {"x":0,"y":0,"w":24,"h":21},
	"sourceSize": {"w":24,"h":21}
},
{
	"filename": "actor/3nasty/9Monk",
	"frame": {"x":192,"y":21,"w":24,"h":21},
	"rotated": false,
	"trimmed": false,
	"spriteSourceSize": {"x":0,"y":0,"w":24,"h":21},
	"sourceSize": {"w":24,"h":21}
},
{
	"filename": "actor/3nasty/10Warrior",
	"frame": {"x":216,"y":21,"w":24,"h":21},
	"rotated": false,
	"trimmed": false,
	"spriteSourceSize": {"x":0,"y":0,"w":24,"h":21},
	"sourceSize": {"w":24,"h":21}
},
{
	"filename": "actor/3nasty/11OrchWarrior",
	"frame": {"x":240,"y":21,"w":24,"h":21},
	"rotated": false,
	"trimmed": false,
	"spriteSourceSize": {"x":0,"y":0,"w":24,"h":21},
	"sourceSize": {"w":24,"h":21}
},
{
	"filename": "actor/3nasty/12OrchMagician",
	"frame": {"x":264,"y":21,"w":24,"h":21},
	"rotated": false,
	"trimmed": false,
	"spriteSourceSize": {"x":0,"y":0,"w":24,"h":21},
	"sourceSize": {"w":24,"h":21}
},
{
	"filename": "actor/3nasty/13ChaosKnight",
	"frame": {"x":288,"y":21,"w":24,"h":21},
	"rotated": false,
	"trimmed": false,
	"spriteSourceSize": {"x":0,"y":0,"w":24,"h":21},
	"sourceSize": {"w":24,"h":21}
},
{
	"filename": "actor/3nasty/14Ghost",
	"frame": {"x":312,"y":21,"w":24,"h":21},
	"rotated": false,
	"trimmed": false,
	"spriteSourceSize": {"x":0,"y":0,"w":24,"h":21},
	"sourceSize": {"w":24,"h":21}
},
{
	"filename": "actor/3nasty/15Minotaur",
	"frame": {"x":336,"y":21,"w":24,"h":21},
	"rotated": false,
	"trimmed": false,
	"spriteSourceSize": {"x":0,"y":0,"w":24,"h":21},
	"sourceSize": {"w":24,"h":21}
},
{
	"filename": "actor/3nasty/16Undead",
	"frame": {"x":360,"y":21,"w":24,"h":21},
	"rotated": false,
	"trimmed": false,
	"spriteSourceSize": {"x":0,"y":0,"w":24,"h":21},
	"sourceSize": {"w":24,"h":21}
},
{
	"filename": "actor/3nasty/17Spirit",
	"frame": {"x":384,"y":21,"w":24,"h":21},
	"rotated": false,
	"trimmed": false,
	"spriteSourceSize": {"x":0,"y":0,"w":24,"h":21},
	"sourceSize": {"w":24,"h":21}
},
{
	"filename": "actor/3nasty/18Sorcerer",
	"frame": {"x":408,"y":21,"w":24,"h":21},
	"rotated": false,
	"trimmed": false,
	"spriteSourceSize": {"x":0,"y":0,"w":24,"h":21},
	"sourceSize": {"w":24,"h":21}
},
{
	"filename": "actor/3nasty/19Witchlord",
	"frame": {"x":432,"y":21,"w":24,"h":21},
	"rotated": false,
	"trimmed": false,
	"spriteSourceSize": {"x":0,"y":0,"w":24,"h":21},
	"sourceSize": {"w":24,"h":21}
},
{
	"filename": "actor/3nasty/20DeathKnight",
	"frame": {"x":0,"y":42,"w":24,"h":21},
	"rotated": false,
	"trimmed": false,
	"spriteSourceSize": {"x":0,"y":0,"w":24,"h":21},
	"sourceSize": {"w":24,"h":21}
},
{
	"filename": "actor/3nasty/21ChaosWarrior",
	"frame": {"x":24,"y":42,"w":24,"h":21},
	"rotated": false,
	"trimmed": false,
	"spriteSourceSize": {"x":0,"y":0,"w":24,"h":21},
	"sourceSize": {"w":24,"h":21}
},
{
	"filename": "actor/3nasty/22Guardian",
	"frame": {"x":48,"y":42,"w":24,"h":21},
	"rotated": false,
	"trimmed": false,
	"spriteSourceSize": {"x":0,"y":0,"w":24,"h":21},
	"sourceSize": {"w":24,"h":21}
},
{
	"filename": "actor/3nasty/23DeathLord",
	"frame": {"x":72,"y":42,"w":24,"h":21},
	"rotated": false,
	"trimmed": false,
	"spriteSourceSize": {"x":0,"y":0,"w":24,"h":21},
	"sourceSize": {"w":24,"h":21}
},
{
	"filename": "actor/3nasty/24Dragon",
	"frame": {"x":96,"y":42,"w":24,"h":21},
	"rotated": false,
	"trimmed": false,
	"spriteSourceSize": {"x":0,"y":0,"w":24,"h":21},
	"sourceSize": {"w":24,"h":21}
},
{
	"filename": "actor/3nasty/25DemonPrince",
	"frame": {"x":120,"y":42,"w":24,"h":21},
	"rotated": false,
	"trimmed": false,
	"spriteSourceSize": {"x":0,"y":0,"w":24,"h":21},
	"sourceSize": {"w":24,"h":21}
},
{
	"filename": "actor/3nasty/26TheDarkOne",
	"frame": {"x":144,"y":42,"w":24,"h":21},
	"rotated": false,
	"trimmed": false,
	"spriteSourceSize": {"x":0,"y":0,"w":24,"h":21},
	"sourceSize": {"w":24,"h":21}
},
{
	"filename": "actor/4summoned/1Djinn",
	"frame": {"x":168,"y":42,"w":24,"h":21},
	"rotated": false,
	"trimmed": false,
	"spriteSourceSize": {"x":0,"y":0,"w":24,"h":21},
	"sourceSize": {"w":24,"h":21}
},
{
	"filename": "actor/4summoned/2Fenix",
	"frame": {"x":192,"y":42,"w":24,"h":21},
	"rotated": false,
	"trimmed": false,
	"spriteSourceSize": {"x":0,"y":0,"w":24,"h":21},
	"sourceSize": {"w":24,"h":21}
},
{
	"filename": "actor/4summoned/3Undine",
	"frame": {"x":216,"y":42,"w":24,"h":21},
	"rotated": false,
	"trimmed": false,
	"spriteSourceSize": {"x":0,"y":0,"w":24,"h":21},
	"sourceSize": {"w":24,"h":21}
},
{
	"filename": "actor/4summoned/4Golem",
	"frame": {"x":240,"y":42,"w":24,"h":21},
	"rotated": false,
	"trimmed": false,
	"spriteSourceSize": {"x":0,"y":0,"w":24,"h":21},
	"sourceSize": {"w":24,"h":21}
},
{
	"filename": "actor/4summoned/5Demon",
	"frame": {"x":264,"y":42,"w":24,"h":21},
	"rotated": false,
	"trimmed": false,
	"spriteSourceSize": {"x":0,"y":0,"w":24,"h":21},
	"sourceSize": {"w":24,"h":21}
},
{
	"filename": "actor/4summoned/6Shadowbeast",
	"frame": {"x":288,"y":42,"w":24,"h":21},
	"rotated": false,
	"trimmed": false,
	"spriteSourceSize": {"x":0,"y":0,"w":24,"h":21},
	"sourceSize": {"w":24,"h":21}
},
{
	"filename": "actor/4summoned/7Lightning",
	"frame": {"x":312,"y":42,"w":24,"h":21},
	"rotated": false,
	"trimmed": false,
	"spriteSourceSize": {"x":0,"y":0,"w":24,"h":21},
	"sourceSize": {"w":24,"h":21}
},
{
	"filename": "fx/Bam",
	"frame": {"x":336,"y":42,"w":24,"h":21},
	"rotated": false,
	"trimmed": false,
	"spriteSourceSize": {"x":0,"y":0,"w":24,"h":21},
	"sourceSize": {"w":24,"h":21}
},
{
	"filename": "fx/Bif",
	"frame": {"x":360,"y":42,"w":24,"h":21},
	"rotated": false,
	"trimmed": false,
	"spriteSourceSize": {"x":0,"y":0,"w":24,"h":21},
	"sourceSize": {"w":24,"h":21}
},
{
	"filename": "fx/Bom",
	"frame": {"x":384,"y":42,"w":24,"h":21},
	"rotated": false,
	"trimmed": false,
	"spriteSourceSize": {"x":0,"y":0,"w":24,"h":21},
	"sourceSize": {"w":24,"h":21}
},
{
	"filename": "fx/Eh",
	"frame": {"x":408,"y":42,"w":24,"h":21},
	"rotated": false,
	"trimmed": false,
	"spriteSourceSize": {"x":0,"y":0,"w":24,"h":21},
	"sourceSize": {"w":24,"h":21}
},
{
	"filename": "fx/Negate",
	"frame": {"x":432,"y":42,"w":24,"h":21},
	"rotated": false,
	"trimmed": false,
	"spriteSourceSize": {"x":0,"y":0,"w":24,"h":21},
	"sourceSize": {"w":24,"h":21}
},
{
	"filename": "fx/Nhg",
	"frame": {"x":0,"y":63,"w":24,"h":21},
	"rotated": false,
	"trimmed": false,
	"spriteSourceSize": {"x":0,"y":0,"w":24,"h":21},
	"sourceSize": {"w":24,"h":21}
},
{
	"filename": "fx/Paf",
	"frame": {"x":24,"y":63,"w":24,"h":21},
	"rotated": false,
	"trimmed": false,
	"spriteSourceSize": {"x":0,"y":0,"w":24,"h":21},
	"sourceSize": {"w":24,"h":21}
},
{
	"filename": "fx/Uh",
	"frame": {"x":48,"y":63,"w":24,"h":21},
	"rotated": false,
	"trimmed": false,
	"spriteSourceSize": {"x":0,"y":0,"w":24,"h":21},
	"sourceSize": {"w":24,"h":21}
},
{
	"filename": "fx/Zap",
	"frame": {"x":72,"y":63,"w":24,"h":21},
	"rotated": false,
	"trimmed": false,
	"spriteSourceSize": {"x":0,"y":0,"w":24,"h":21},
	"sourceSize": {"w":24,"h":21}
},
{
	"filename": "fx/Zok",
	"frame": {"x":96,"y":63,"w":24,"h":21},
	"rotated": false,
	"trimmed": false,
	"spriteSourceSize": {"x":0,"y":0,"w":24,"h":21},
	"sourceSize": {"w":24,"h":21}
},
{
	"filename": "solid/ArmorBody/Armour",
	"frame": {"x":120,"y":63,"w":24,"h":21},
	"rotated": false,
	"trimmed": false,
	"spriteSourceSize": {"x":0,"y":0,"w":24,"h":21},
	"sourceSize": {"w":24,"h":21}
},
{
	"filename": "solid/ArmorBody/Chainmail",
	"frame": {"x":144,"y":63,"w":24,"h":21},
	"rotated": false,
	"trimmed": false,
	"spriteSourceSize": {"x":0,"y":0,"w":24,"h":21},
	"sourceSize": {"w":24,"h":21}
},
{
	"filename": "solid/ArmorBody/Leather",
	"frame": {"x":168,"y":63,"w":24,"h":21},
	"rotated": false,
	"trimmed": false,
	"spriteSourceSize": {"x":0,"y":0,"w":24,"h":21},
	"sourceSize": {"w":24,"h":21}
},
{
	"filename": "solid/ArmorBody/StuddedLeather",
	"frame": {"x":192,"y":63,"w":24,"h":21},
	"rotated": false,
	"trimmed": false,
	"spriteSourceSize": {"x":0,"y":0,"w":24,"h":21},
	"sourceSize": {"w":24,"h":21}
},
{
	"filename": "solid/ArmorBody/SunArmour",
	"frame": {"x":216,"y":63,"w":24,"h":21},
	"rotated": false,
	"trimmed": false,
	"spriteSourceSize": {"x":0,"y":0,"w":24,"h":21},
	"sourceSize": {"w":24,"h":21}
},
{
	"filename": "solid/ArmorHands/Gloves",
	"frame": {"x":240,"y":63,"w":24,"h":21},
	"rotated": false,
	"trimmed": false,
	"spriteSourceSize": {"x":0,"y":0,"w":24,"h":21},
	"sourceSize": {"w":24,"h":21}
},
{
	"filename": "solid/ArmorHands/SunGloves",
	"frame": {"x":264,"y":63,"w":24,"h":21},
	"rotated": false,
	"trimmed": false,
	"spriteSourceSize": {"x":0,"y":0,"w":24,"h":21},
	"sourceSize": {"w":24,"h":21}
},
{
	"filename": "solid/ArmorHead/BigHelmet",
	"frame": {"x":288,"y":63,"w":24,"h":21},
	"rotated": false,
	"trimmed": false,
	"spriteSourceSize": {"x":0,"y":0,"w":24,"h":21},
	"sourceSize": {"w":24,"h":21}
},
{
	"filename": "solid/ArmorHead/Helmet",
	"frame": {"x":312,"y":63,"w":24,"h":21},
	"rotated": false,
	"trimmed": false,
	"spriteSourceSize": {"x":0,"y":0,"w":24,"h":21},
	"sourceSize": {"w":24,"h":21}
},
{
	"filename": "solid/ArmorHead/SunHelmet",
	"frame": {"x":336,"y":63,"w":24,"h":21},
	"rotated": false,
	"trimmed": false,
	"spriteSourceSize": {"x":0,"y":0,"w":24,"h":21},
	"sourceSize": {"w":24,"h":21}
},
{
	"filename": "solid/ArmorOnehand/BigShield",
	"frame": {"x":360,"y":63,"w":24,"h":21},
	"rotated": false,
	"trimmed": false,
	"spriteSourceSize": {"x":0,"y":0,"w":24,"h":21},
	"sourceSize": {"w":24,"h":21}
},
{
	"filename": "solid/ArmorOnehand/Shield",
	"frame": {"x":384,"y":63,"w":24,"h":21},
	"rotated": false,
	"trimmed": false,
	"spriteSourceSize": {"x":0,"y":0,"w":24,"h":21},
	"sourceSize": {"w":24,"h":21}
},
{
	"filename": "solid/ArmorOnehand/SunShield",
	"frame": {"x":408,"y":63,"w":24,"h":21},
	"rotated": false,
	"trimmed": false,
	"spriteSourceSize": {"x":0,"y":0,"w":24,"h":21},
	"sourceSize": {"w":24,"h":21}
},
{
	"filename": "solid/ArmorOnehand/WoodenShield",
	"frame": {"x":432,"y":63,"w":24,"h":21},
	"rotated": false,
	"trimmed": false,
	"spriteSourceSize": {"x":0,"y":0,"w":24,"h":21},
	"sourceSize": {"w":24,"h":21}
},
{
	"filename": "solid/ArmorShoulders/Cloak",
	"frame": {"x":0,"y":84,"w":24,"h":21},
	"rotated": false,
	"trimmed": false,
	"spriteSourceSize": {"x":0,"y":0,"w":24,"h":21},
	"sourceSize": {"w":24,"h":21}
},
{
	"filename": "solid/ArmorShoulders/ElvenCloak",
	"frame": {"x":24,"y":84,"w":24,"h":21},
	"rotated": false,
	"trimmed": false,
	"spriteSourceSize": {"x":0,"y":0,"w":24,"h":21},
	"sourceSize": {"w":24,"h":21}
},
{
	"filename": "solid/ArmorShoulders/ShadowCloak",
	"frame": {"x":48,"y":84,"w":24,"h":21},
	"rotated": false,
	"trimmed": false,
	"spriteSourceSize": {"x":0,"y":0,"w":24,"h":21},
	"sourceSize": {"w":24,"h":21}
},
{
	"filename": "solid/Arrows/Arrows",
	"frame": {"x":72,"y":84,"w":24,"h":21},
	"rotated": false,
	"trimmed": false,
	"spriteSourceSize": {"x":0,"y":0,"w":24,"h":21},
	"sourceSize": {"w":24,"h":21}
},
{
	"filename": "solid/Arrows/Faithful",
	"frame": {"x":96,"y":84,"w":24,"h":21},
	"rotated": false,
	"trimmed": false,
	"spriteSourceSize": {"x":0,"y":0,"w":24,"h":21},
	"sourceSize": {"w":24,"h":21}
},
{
	"filename": "solid/GadgetFinger/EmeraldRing",
	"frame": {"x":120,"y":84,"w":24,"h":21},
	"rotated": false,
	"trimmed": false,
	"spriteSourceSize": {"x":0,"y":0,"w":24,"h":21},
	"sourceSize": {"w":24,"h":21}
},
{
	"filename": "solid/GadgetFinger/OpalRing",
	"frame": {"x":144,"y":84,"w":24,"h":21},
	"rotated": false,
	"trimmed": false,
	"spriteSourceSize": {"x":0,"y":0,"w":24,"h":21},
	"sourceSize": {"w":24,"h":21}
},
{
	"filename": "solid/GadgetHands/Focus",
	"frame": {"x":168,"y":84,"w":24,"h":21},
	"rotated": false,
	"trimmed": false,
	"spriteSourceSize": {"x":0,"y":0,"w":24,"h":21},
	"sourceSize": {"w":24,"h":21}
},
{
	"filename": "solid/GadgetNeck/Emerald",
	"frame": {"x":192,"y":84,"w":24,"h":21},
	"rotated": false,
	"trimmed": false,
	"spriteSourceSize": {"x":0,"y":0,"w":24,"h":21},
	"sourceSize": {"w":24,"h":21}
},
{
	"filename": "solid/GadgetNeck/Opal",
	"frame": {"x":216,"y":84,"w":24,"h":21},
	"rotated": false,
	"trimmed": false,
	"spriteSourceSize": {"x":0,"y":0,"w":24,"h":21},
	"sourceSize": {"w":24,"h":21}
},
{
	"filename": "solid/GadgetNeck/Topaz",
	"frame": {"x":240,"y":84,"w":24,"h":21},
	"rotated": false,
	"trimmed": false,
	"spriteSourceSize": {"x":0,"y":0,"w":24,"h":21},
	"sourceSize": {"w":24,"h":21}
},
{
	"filename": "solid/MixedweaponOnehand/Dagger",
	"frame": {"x":264,"y":84,"w":24,"h":21},
	"rotated": false,
	"trimmed": false,
	"spriteSourceSize": {"x":0,"y":0,"w":24,"h":21},
	"sourceSize": {"w":24,"h":21}
},
{
	"filename": "solid/PotionOnehand/Potion",
	"frame": {"x":288,"y":84,"w":24,"h":21},
	"rotated": false,
	"trimmed": false,
	"spriteSourceSize": {"x":0,"y":0,"w":24,"h":21},
	"sourceSize": {"w":24,"h":21}
},
{
	"filename": "solid/RangedweaponTwohands/Bow",
	"frame": {"x":312,"y":84,"w":24,"h":21},
	"rotated": false,
	"trimmed": false,
	"spriteSourceSize": {"x":0,"y":0,"w":24,"h":21},
	"sourceSize": {"w":24,"h":21}
},
{
	"filename": "solid/RangedweaponTwohands/Crossbow",
	"frame": {"x":336,"y":84,"w":24,"h":21},
	"rotated": false,
	"trimmed": false,
	"spriteSourceSize": {"x":0,"y":0,"w":24,"h":21},
	"sourceSize": {"w":24,"h":21}
},
{
	"filename": "solid/RangedweaponTwohands/SilverBow",
	"frame": {"x":360,"y":84,"w":24,"h":21},
	"rotated": false,
	"trimmed": false,
	"spriteSourceSize": {"x":0,"y":0,"w":24,"h":21},
	"sourceSize": {"w":24,"h":21}
},
{
	"filename": "solid/SpecialOnehand/Chock",
	"frame": {"x":384,"y":84,"w":24,"h":21},
	"rotated": false,
	"trimmed": false,
	"spriteSourceSize": {"x":0,"y":0,"w":24,"h":21},
	"sourceSize": {"w":24,"h":21}
},
{
	"filename": "solid/SpecialOnehand/Fireblade",
	"frame": {"x":408,"y":84,"w":24,"h":21},
	"rotated": false,
	"trimmed": false,
	"spriteSourceSize": {"x":0,"y":0,"w":24,"h":21},
	"sourceSize": {"w":24,"h":21}
},
{
	"filename": "solid/SpecialOnehand/Ghostblade",
	"frame": {"x":432,"y":84,"w":24,"h":21},
	"rotated": false,
	"trimmed": false,
	"spriteSourceSize": {"x":0,"y":0,"w":24,"h":21},
	"sourceSize": {"w":24,"h":21}
},
{
	"filename": "solid/SpecialTwohands/SunBow",
	"frame": {"x":0,"y":105,"w":24,"h":21},
	"rotated": false,
	"trimmed": false,
	"spriteSourceSize": {"x":0,"y":0,"w":24,"h":21},
	"sourceSize": {"w":24,"h":21}
},
{
	"filename": "solid/ThrowingweaponOnehand/Leadball",
	"frame": {"x":24,"y":105,"w":24,"h":21},
	"rotated": false,
	"trimmed": false,
	"spriteSourceSize": {"x":0,"y":0,"w":24,"h":21},
	"sourceSize": {"w":24,"h":21}
},
{
	"filename": "solid/ThrowingweaponOnehand/ThrowingStar",
	"frame": {"x":48,"y":105,"w":24,"h":21},
	"rotated": false,
	"trimmed": false,
	"spriteSourceSize": {"x":0,"y":0,"w":24,"h":21},
	"sourceSize": {"w":24,"h":21}
},
{
	"filename": "solid/Trinket/Bubble",
	"frame": {"x":72,"y":105,"w":24,"h":21},
	"rotated": false,
	"trimmed": false,
	"spriteSourceSize": {"x":0,"y":0,"w":24,"h":21},
	"sourceSize": {"w":24,"h":21}
},
{
	"filename": "solid/Trinket/Negator",
	"frame": {"x":96,"y":105,"w":24,"h":21},
	"rotated": false,
	"trimmed": false,
	"spriteSourceSize": {"x":0,"y":0,"w":24,"h":21},
	"sourceSize": {"w":24,"h":21}
},
{
	"filename": "solid/WeaponOnehand/Axe",
	"frame": {"x":120,"y":105,"w":24,"h":21},
	"rotated": false,
	"trimmed": false,
	"spriteSourceSize": {"x":0,"y":0,"w":24,"h":21},
	"sourceSize": {"w":24,"h":21}
},
{
	"filename": "solid/WeaponOnehand/Club",
	"frame": {"x":144,"y":105,"w":24,"h":21},
	"rotated": false,
	"trimmed": false,
	"spriteSourceSize": {"x":0,"y":0,"w":24,"h":21},
	"sourceSize": {"w":24,"h":21}
},
{
	"filename": "solid/WeaponOnehand/DragonTooth",
	"frame": {"x":168,"y":105,"w":24,"h":21},
	"rotated": false,
	"trimmed": false,
	"spriteSourceSize": {"x":0,"y":0,"w":24,"h":21},
	"sourceSize": {"w":24,"h":21}
},
{
	"filename": "solid/WeaponOnehand/Sabre",
	"frame": {"x":192,"y":105,"w":24,"h":21},
	"rotated": false,
	"trimmed": false,
	"spriteSourceSize": {"x":0,"y":0,"w":24,"h":21},
	"sourceSize": {"w":24,"h":21}
},
{
	"filename": "solid/WeaponOnehand/SunsEdge",
	"frame": {"x":216,"y":105,"w":24,"h":21},
	"rotated": false,
	"trimmed": false,
	"spriteSourceSize": {"x":0,"y":0,"w":24,"h":21},
	"sourceSize": {"w":24,"h":21}
},
{
	"filename": "solid/WeaponOnehand/Sword",
	"frame": {"x":240,"y":105,"w":24,"h":21},
	"rotated": false,
	"trimmed": false,
	"spriteSourceSize": {"x":0,"y":0,"w":24,"h":21},
	"sourceSize": {"w":24,"h":21}
},
{
	"filename": "solid/WeaponOnehand/Wakizashi",
	"frame": {"x":264,"y":105,"w":24,"h":21},
	"rotated": false,
	"trimmed": false,
	"spriteSourceSize": {"x":0,"y":0,"w":24,"h":21},
	"sourceSize": {"w":24,"h":21}
},
{
	"filename": "solid/WeaponTwohands/2H-Sword",
	"frame": {"x":288,"y":105,"w":24,"h":21},
	"rotated": false,
	"trimmed": false,
	"spriteSourceSize": {"x":0,"y":0,"w":24,"h":21},
	"sourceSize": {"w":24,"h":21}
},
{
	"filename": "solid/WeaponTwohands/BloodTaste",
	"frame": {"x":312,"y":105,"w":24,"h":21},
	"rotated": false,
	"trimmed": false,
	"spriteSourceSize": {"x":0,"y":0,"w":24,"h":21},
	"sourceSize": {"w":24,"h":21}
},
{
	"filename": "solid/WeaponTwohands/ChainNBall",
	"frame": {"x":336,"y":105,"w":24,"h":21},
	"rotated": false,
	"trimmed": false,
	"spriteSourceSize": {"x":0,"y":0,"w":24,"h":21},
	"sourceSize": {"w":24,"h":21}
},
{
	"filename": "solid/WeaponTwohands/Slayer",
	"frame": {"x":360,"y":105,"w":24,"h":21},
	"rotated": false,
	"trimmed": false,
	"spriteSourceSize": {"x":0,"y":0,"w":24,"h":21},
	"sourceSize": {"w":24,"h":21}
},
{
	"filename": "solid/WeaponTwohands/Staff",
	"frame": {"x":384,"y":105,"w":24,"h":21},
	"rotated": false,
	"trimmed": false,
	"spriteSourceSize": {"x":0,"y":0,"w":24,"h":21},
	"sourceSize": {"w":24,"h":21}
},
{
	"filename": "solid/WeaponTwohands/StoneAxe",
	"frame": {"x":408,"y":105,"w":24,"h":21},
	"rotated": false,
	"trimmed": false,
	"spriteSourceSize": {"x":0,"y":0,"w":24,"h":21},
	"sourceSize": {"w":24,"h":21}
},
{
	"filename": "spell/SpecialOnehand/Enchant",
	"frame": {"x":432,"y":105,"w":24,"h":21},
	"rotated": false,
	"trimmed": false,
	"spriteSourceSize": {"x":0,"y":0,"w":24,"h":21},
	"sourceSize": {"w":24,"h":21}
},
{
	"filename": "spell/SpecialOnehand/Purify",
	"frame": {"x":0,"y":126,"w":24,"h":21},
	"rotated": false,
	"trimmed": false,
	"spriteSourceSize": {"x":0,"y":0,"w":24,"h":21},
	"sourceSize": {"w":24,"h":21}
},
{
	"filename": "spell/SpecialOnehand/ShootingStar",
	"frame": {"x":24,"y":126,"w":24,"h":21},
	"rotated": false,
	"trimmed": false,
	"spriteSourceSize": {"x":0,"y":0,"w":24,"h":21},
	"sourceSize": {"w":24,"h":21}
},
{
	"filename": "spell/SpellOnehand/Air",
	"frame": {"x":48,"y":126,"w":24,"h":21},
	"rotated": false,
	"trimmed": false,
	"spriteSourceSize": {"x":0,"y":0,"w":24,"h":21},
	"sourceSize": {"w":24,"h":21}
},
{
	"filename": "spell/SpellOnehand/Berzerk",
	"frame": {"x":72,"y":126,"w":24,"h":21},
	"rotated": false,
	"trimmed": false,
	"spriteSourceSize": {"x":0,"y":0,"w":24,"h":21},
	"sourceSize": {"w":24,"h":21}
},
{
	"filename": "spell/SpellOnehand/Chaos",
	"frame": {"x":96,"y":126,"w":24,"h":21},
	"rotated": false,
	"trimmed": false,
	"spriteSourceSize": {"x":0,"y":0,"w":24,"h":21},
	"sourceSize": {"w":24,"h":21}
},
{
	"filename": "spell/SpellOnehand/Confusion",
	"frame": {"x":120,"y":126,"w":24,"h":21},
	"rotated": false,
	"trimmed": false,
	"spriteSourceSize": {"x":0,"y":0,"w":24,"h":21},
	"sourceSize": {"w":24,"h":21}
},
{
	"filename": "spell/SpellOnehand/Darkness",
	"frame": {"x":144,"y":126,"w":24,"h":21},
	"rotated": false,
	"trimmed": false,
	"spriteSourceSize": {"x":0,"y":0,"w":24,"h":21},
	"sourceSize": {"w":24,"h":21}
},
{
	"filename": "spell/SpellOnehand/Delay",
	"frame": {"x":168,"y":126,"w":24,"h":21},
	"rotated": false,
	"trimmed": false,
	"spriteSourceSize": {"x":0,"y":0,"w":24,"h":21},
	"sourceSize": {"w":24,"h":21}
},
{
	"filename": "spell/SpellOnehand/Demon",
	"frame": {"x":192,"y":126,"w":24,"h":21},
	"rotated": false,
	"trimmed": false,
	"spriteSourceSize": {"x":0,"y":0,"w":24,"h":21},
	"sourceSize": {"w":24,"h":21}
},
{
	"filename": "spell/SpellOnehand/Earth",
	"frame": {"x":216,"y":126,"w":24,"h":21},
	"rotated": false,
	"trimmed": false,
	"spriteSourceSize": {"x":0,"y":0,"w":24,"h":21},
	"sourceSize": {"w":24,"h":21}
},
{
	"filename": "spell/SpellOnehand/FastFeet",
	"frame": {"x":240,"y":126,"w":24,"h":21},
	"rotated": false,
	"trimmed": false,
	"spriteSourceSize": {"x":0,"y":0,"w":24,"h":21},
	"sourceSize": {"w":24,"h":21}
},
{
	"filename": "spell/SpellOnehand/Fire",
	"frame": {"x":264,"y":126,"w":24,"h":21},
	"rotated": false,
	"trimmed": false,
	"spriteSourceSize": {"x":0,"y":0,"w":24,"h":21},
	"sourceSize": {"w":24,"h":21}
},
{
	"filename": "spell/SpellOnehand/FireBall",
	"frame": {"x":288,"y":126,"w":24,"h":21},
	"rotated": false,
	"trimmed": false,
	"spriteSourceSize": {"x":0,"y":0,"w":24,"h":21},
	"sourceSize": {"w":24,"h":21}
},
{
	"filename": "spell/SpellOnehand/Heal",
	"frame": {"x":312,"y":126,"w":24,"h":21},
	"rotated": false,
	"trimmed": false,
	"spriteSourceSize": {"x":0,"y":0,"w":24,"h":21},
	"sourceSize": {"w":24,"h":21}
},
{
	"filename": "spell/SpellOnehand/Lightning",
	"frame": {"x":336,"y":126,"w":24,"h":21},
	"rotated": false,
	"trimmed": false,
	"spriteSourceSize": {"x":0,"y":0,"w":24,"h":21},
	"sourceSize": {"w":24,"h":21}
},
{
	"filename": "spell/SpellOnehand/LightningBolt",
	"frame": {"x":360,"y":126,"w":24,"h":21},
	"rotated": false,
	"trimmed": false,
	"spriteSourceSize": {"x":0,"y":0,"w":24,"h":21},
	"sourceSize": {"w":24,"h":21}
},
{
	"filename": "spell/SpellOnehand/Phantom",
	"frame": {"x":384,"y":126,"w":24,"h":21},
	"rotated": false,
	"trimmed": false,
	"spriteSourceSize": {"x":0,"y":0,"w":24,"h":21},
	"sourceSize": {"w":24,"h":21}
},
{
	"filename": "spell/SpellOnehand/Portal",
	"frame": {"x":408,"y":126,"w":24,"h":21},
	"rotated": false,
	"trimmed": false,
	"spriteSourceSize": {"x":0,"y":0,"w":24,"h":21},
	"sourceSize": {"w":24,"h":21}
},
{
	"filename": "spell/SpellOnehand/Protection",
	"frame": {"x":432,"y":126,"w":24,"h":21},
	"rotated": false,
	"trimmed": false,
	"spriteSourceSize": {"x":0,"y":0,"w":24,"h":21},
	"sourceSize": {"w":24,"h":21}
},
{
	"filename": "spell/SpellOnehand/Skeleton",
	"frame": {"x":0,"y":147,"w":24,"h":21},
	"rotated": false,
	"trimmed": false,
	"spriteSourceSize": {"x":0,"y":0,"w":24,"h":21},
	"sourceSize": {"w":24,"h":21}
},
{
	"filename": "spell/SpellOnehand/Sleep",
	"frame": {"x":24,"y":147,"w":24,"h":21},
	"rotated": false,
	"trimmed": false,
	"spriteSourceSize": {"x":0,"y":0,"w":24,"h":21},
	"sourceSize": {"w":24,"h":21}
},
{
	"filename": "spell/SpellOnehand/Stonefoot",
	"frame": {"x":48,"y":147,"w":24,"h":21},
	"rotated": false,
	"trimmed": false,
	"spriteSourceSize": {"x":0,"y":0,"w":24,"h":21},
	"sourceSize": {"w":24,"h":21}
},
{
	"filename": "spell/SpellOnehand/Terror",
	"frame": {"x":72,"y":147,"w":24,"h":21},
	"rotated": false,
	"trimmed": false,
	"spriteSourceSize": {"x":0,"y":0,"w":24,"h":21},
	"sourceSize": {"w":24,"h":21}
},
{
	"filename": "spell/SpellOnehand/Vision",
	"frame": {"x":96,"y":147,"w":24,"h":21},
	"rotated": false,
	"trimmed": false,
	"spriteSourceSize": {"x":0,"y":0,"w":24,"h":21},
	"sourceSize": {"w":24,"h":21}
},
{
	"filename": "spell/SpellOnehand/Water",
	"frame": {"x":120,"y":147,"w":24,"h":21},
	"rotated": false,
	"trimmed": false,
	"spriteSourceSize": {"x":0,"y":0,"w":24,"h":21},
	"sourceSize": {"w":24,"h":21}
},
{
	"filename": "spell/SpellOnehand/Zombie",
	"frame": {"x":144,"y":147,"w":24,"h":21},
	"rotated": false,
	"trimmed": false,
	"spriteSourceSize": {"x":0,"y":0,"w":24,"h":21},
	"sourceSize": {"w":24,"h":21}
},
{
	"filename": "spell/SuperspellOnehand/HyperSpace",
	"frame": {"x":168,"y":147,"w":24,"h":21},
	"rotated": false,
	"trimmed": false,
	"spriteSourceSize": {"x":0,"y":0,"w":24,"h":21},
	"sourceSize": {"w":24,"h":21}
},
{
	"filename": "spell/SuperspellOnehand/Inferno",
	"frame": {"x":192,"y":147,"w":24,"h":21},
	"rotated": false,
	"trimmed": false,
	"spriteSourceSize": {"x":0,"y":0,"w":24,"h":21},
	"sourceSize": {"w":24,"h":21}
},
{
	"filename": "spell/SuperspellOnehand/Panic",
	"frame": {"x":216,"y":147,"w":24,"h":21},
	"rotated": false,
	"trimmed": false,
	"spriteSourceSize": {"x":0,"y":0,"w":24,"h":21},
	"sourceSize": {"w":24,"h":21}
},
{
	"filename": "spell/SuperspellOnehand/ThunderStorm",
	"frame": {"x":240,"y":147,"w":24,"h":21},
	"rotated": false,
	"trimmed": false,
	"spriteSourceSize": {"x":0,"y":0,"w":24,"h":21},
	"sourceSize": {"w":24,"h":21}
},
{
	"filename": "terrain/0Grass",
	"frame": {"x":264,"y":147,"w":24,"h":21},
	"rotated": false,
	"trimmed": false,
	"spriteSourceSize": {"x":0,"y":0,"w":24,"h":21},
	"sourceSize": {"w":24,"h":21}
},
{
	"filename": "terrain/1RedFlower",
	"frame": {"x":288,"y":147,"w":24,"h":21},
	"rotated": false,
	"trimmed": false,
	"spriteSourceSize": {"x":0,"y":0,"w":24,"h":21},
	"sourceSize": {"w":24,"h":21}
},
{
	"filename": "terrain/2YellowFlower",
	"frame": {"x":312,"y":147,"w":24,"h":21},
	"rotated": false,
	"trimmed": false,
	"spriteSourceSize": {"x":0,"y":0,"w":24,"h":21},
	"sourceSize": {"w":24,"h":21}
},
{
	"filename": "terrain/3Sand",
	"frame": {"x":336,"y":147,"w":24,"h":21},
	"rotated": false,
	"trimmed": false,
	"spriteSourceSize": {"x":0,"y":0,"w":24,"h":21},
	"sourceSize": {"w":24,"h":21}
},
{
	"filename": "terrain/4Dirt",
	"frame": {"x":360,"y":147,"w":24,"h":21},
	"rotated": false,
	"trimmed": false,
	"spriteSourceSize": {"x":0,"y":0,"w":24,"h":21},
	"sourceSize": {"w":24,"h":21}
},
{
	"filename": "terrain/5Gravel",
	"frame": {"x":384,"y":147,"w":24,"h":21},
	"rotated": false,
	"trimmed": false,
	"spriteSourceSize": {"x":0,"y":0,"w":24,"h":21},
	"sourceSize": {"w":24,"h":21}
},
{
	"filename": "terrain/6Planks",
	"frame": {"x":408,"y":147,"w":24,"h":21},
	"rotated": false,
	"trimmed": false,
	"spriteSourceSize": {"x":0,"y":0,"w":24,"h":21},
	"sourceSize": {"w":24,"h":21}
},
{
	"filename": "terrain/7WoodenFloor",
	"frame": {"x":432,"y":147,"w":24,"h":21},
	"rotated": false,
	"trimmed": false,
	"spriteSourceSize": {"x":0,"y":0,"w":24,"h":21},
	"sourceSize": {"w":24,"h":21}
},
{
	"filename": "terrain/8Cobblestone",
	"frame": {"x":0,"y":168,"w":24,"h":21},
	"rotated": false,
	"trimmed": false,
	"spriteSourceSize": {"x":0,"y":0,"w":24,"h":21},
	"sourceSize": {"w":24,"h":21}
},
{
	"filename": "terrain/9StoneFloor",
	"frame": {"x":24,"y":168,"w":24,"h":21},
	"rotated": false,
	"trimmed": false,
	"spriteSourceSize": {"x":0,"y":0,"w":24,"h":21},
	"sourceSize": {"w":24,"h":21}
},
{
	"filename": "terrain/10Portal",
	"frame": {"x":48,"y":168,"w":24,"h":21},
	"rotated": false,
	"trimmed": false,
	"spriteSourceSize": {"x":0,"y":0,"w":24,"h":21},
	"sourceSize": {"w":24,"h":21}
},
{
	"filename": "terrain/11Ford",
	"frame": {"x":72,"y":168,"w":24,"h":21},
	"rotated": false,
	"trimmed": false,
	"spriteSourceSize": {"x":0,"y":0,"w":24,"h":21},
	"sourceSize": {"w":24,"h":21}
},
{
	"filename": "terrain/12Water",
	"frame": {"x":96,"y":168,"w":24,"h":21},
	"rotated": false,
	"trimmed": false,
	"spriteSourceSize": {"x":0,"y":0,"w":24,"h":21},
	"sourceSize": {"w":24,"h":21}
},
{
	"filename": "terrain/13Marsh",
	"frame": {"x":120,"y":168,"w":24,"h":21},
	"rotated": false,
	"trimmed": false,
	"spriteSourceSize": {"x":0,"y":0,"w":24,"h":21},
	"sourceSize": {"w":24,"h":21}
},
{
	"filename": "terrain/14Door",
	"frame": {"x":144,"y":168,"w":24,"h":21},
	"rotated": false,
	"trimmed": false,
	"spriteSourceSize": {"x":0,"y":0,"w":24,"h":21},
	"sourceSize": {"w":24,"h":21}
},
{
	"filename": "terrain/15Gate",
	"frame": {"x":168,"y":168,"w":24,"h":21},
	"rotated": false,
	"trimmed": false,
	"spriteSourceSize": {"x":0,"y":0,"w":24,"h":21},
	"sourceSize": {"w":24,"h":21}
},
{
	"filename": "terrain/16Bush",
	"frame": {"x":192,"y":168,"w":24,"h":21},
	"rotated": false,
	"trimmed": false,
	"spriteSourceSize": {"x":0,"y":0,"w":24,"h":21},
	"sourceSize": {"w":24,"h":21}
},
{
	"filename": "terrain/17Tree",
	"frame": {"x":216,"y":168,"w":24,"h":21},
	"rotated": false,
	"trimmed": false,
	"spriteSourceSize": {"x":0,"y":0,"w":24,"h":21},
	"sourceSize": {"w":24,"h":21}
},
{
	"filename": "terrain/18Palm",
	"frame": {"x":240,"y":168,"w":24,"h":21},
	"rotated": false,
	"trimmed": false,
	"spriteSourceSize": {"x":0,"y":0,"w":24,"h":21},
	"sourceSize": {"w":24,"h":21}
},
{
	"filename": "terrain/19WoodenWall",
	"frame": {"x":264,"y":168,"w":24,"h":21},
	"rotated": false,
	"trimmed": false,
	"spriteSourceSize": {"x":0,"y":0,"w":24,"h":21},
	"sourceSize": {"w":24,"h":21}
},
{
	"filename": "terrain/20StoneWall",
	"frame": {"x":288,"y":168,"w":24,"h":21},
	"rotated": false,
	"trimmed": false,
	"spriteSourceSize": {"x":0,"y":0,"w":24,"h":21},
	"sourceSize": {"w":24,"h":21}
},
{
	"filename": "terrain/21BrickWall",
	"frame": {"x":312,"y":168,"w":24,"h":21},
	"rotated": false,
	"trimmed": false,
	"spriteSourceSize": {"x":0,"y":0,"w":24,"h":21},
	"sourceSize": {"w":24,"h":21}
},
{
	"filename": "terrain/22Mountain",
	"frame": {"x":336,"y":168,"w":24,"h":21},
	"rotated": false,
	"trimmed": false,
	"spriteSourceSize": {"x":0,"y":0,"w":24,"h":21},
	"sourceSize": {"w":24,"h":21}
}],
"meta": {
	"app": "https://www.codeandweb.com/texturepacker",
	"version": "1.0",
	"image": "tiles.png",
	"format": "RGBA8888",
	"size": {"w":456,"h":189},
	"scale": "1",
	"smartupdate": "$TexturePacker:SmartUpdate:8c50e39a213991823c75420b525543b0:ecf6539ec9ecfdeffe9b5c5a6c218806:accbe1e7e294ded8391337fc1c446319$"
}
}
